{"feature_names": ["length_url", "length_hostname", "ip", "nb_dots", "nb_hyphens", "nb_qm", "nb_and", "nb_eq", "nb_underscore", "nb_percent", "nb_slash", "nb_semicolumn", "nb_www", "page_rank", "google_index"], "feature_importance": [0.04427303810649372, 0.047631293243483405, 0.028807811899770955, 0.03130264357017768, 0.029692838147940735, 0.023973013308450215, 0.004935591107924683, 0.018957239231761645, 0.00919085804029677, 0.008349045005007065, 0.040410138131765326, 0.0017601325880244843, 0.10934869389448981, 0.2252968329126478, 0.37607083081176557], "model_accuracy": 0.9422572178477691}